,RunId,iteration,Step,width,height,visibility,wind,temperature,drone,path,georesq,AgentID,battery_drone,position_drone_x,position_drone_y,position_person_x,position_person_y
0,0,0,0,100,100,250,25,0,2,False,True,1,1.0,50.0,50.0,42.0,59.0
1,0,0,0,100,100,250,25,0,2,False,True,2,1.0,50.0,50.0,42.0,59.0
2,0,0,1,100,100,250,25,0,2,False,True,1,0.99957265,50.0,50.6338,41.963,59.0
3,0,0,1,100,100,250,25,0,2,False,True,2,0.99957265,50.0,50.6338,41.963,59.0
4,0,0,2,100,100,250,25,0,2,False,True,1,0.9991452999999999,50.6338,50.6338,41.921,59.0
5,0,0,2,100,100,250,25,0,2,False,True,2,0.9991452999999999,50.6338,50.6338,41.921,59.0
6,0,0,3,100,100,250,25,0,2,False,True,1,0.9986679499999999,51.2676,50.6338,41.958,58.963
7,0,0,3,100,100,250,25,0,2,False,True,2,0.9986679499999999,51.2676,50.6338,41.958,58.963
8,0,0,4,100,100,250,25,0,2,False,True,1,0.9982405999999998,51.2676,50.0,41.931,58.99
9,0,0,4,100,100,250,25,0,2,False,True,2,0.9982405999999998,51.2676,50.0,41.931,58.99
10,0,0,5,100,100,250,25,0,2,False,True,1,0.9977832499999998,51.2676,49.3662,41.894,59.027
11,0,0,5,100,100,250,25,0,2,False,True,2,0.9977832499999998,51.2676,49.3662,41.894,59.027
12,0,0,6,100,100,250,25,0,2,False,True,1,0.9973558999999997,51.2676,48.7324,41.936,59.069
13,0,0,6,100,100,250,25,0,2,False,True,2,0.9973558999999997,51.2676,48.7324,41.936,59.069
14,0,0,7,100,100,250,25,0,2,False,True,1,0.9969285499999997,50.6338,48.7324,41.973,59.032000000000004
15,0,0,7,100,100,250,25,0,2,False,True,2,0.9969285499999997,50.6338,48.7324,41.973,59.032000000000004
16,0,0,8,100,100,250,25,0,2,False,True,1,0.9965011999999996,50.0,48.7324,42.01,59.069
17,0,0,8,100,100,250,25,0,2,False,True,2,0.9965011999999996,50.0,48.7324,42.01,59.069
18,0,0,9,100,100,250,25,0,2,False,True,1,0.9960738499999996,49.3662,48.7324,42.01,59.096000000000004
19,0,0,9,100,100,250,25,0,2,False,True,2,0.9960738499999996,49.3662,48.7324,42.01,59.096000000000004
20,0,0,10,100,100,250,25,0,2,False,True,1,0.9956464999999995,48.7324,48.7324,41.973,59.133
21,0,0,10,100,100,250,25,0,2,False,True,2,0.9956464999999995,48.7324,48.7324,41.973,59.133
22,0,0,11,100,100,250,25,0,2,False,True,1,0.9951191499999995,48.7324,49.3662,41.931,59.175000000000004
23,0,0,11,100,100,250,25,0,2,False,True,2,0.9951191499999995,48.7324,49.3662,41.931,59.175000000000004
24,0,0,12,100,100,250,25,0,2,False,True,1,0.9946517999999994,48.7324,50.0,41.967999999999996,59.138000000000005
25,0,0,12,100,100,250,25,0,2,False,True,2,0.9946517999999994,48.7324,50.0,41.967999999999996,59.138000000000005
26,0,0,13,100,100,250,25,0,2,False,True,1,0.9942244499999994,48.7324,50.6338,41.967999999999996,59.175000000000004
27,0,0,13,100,100,250,25,0,2,False,True,2,0.9942244499999994,48.7324,50.6338,41.967999999999996,59.175000000000004
28,0,0,14,100,100,250,25,0,2,False,True,1,0.9937970999999993,48.7324,51.2676,41.967999999999996,59.175000000000004
29,0,0,14,100,100,250,25,0,2,False,True,2,0.9937970999999993,48.7324,51.2676,41.967999999999996,59.175000000000004
30,0,0,15,100,100,250,25,0,2,False,True,1,0.9933697499999993,48.7324,51.9014,41.931,59.138000000000005
31,0,0,15,100,100,250,25,0,2,False,True,2,0.9933697499999993,48.7324,51.9014,41.931,59.138000000000005
32,0,0,16,100,100,250,25,0,2,False,True,1,0.9928423999999992,49.3662,51.9014,41.931,59.175000000000004
33,0,0,16,100,100,250,25,0,2,False,True,2,0.9928423999999992,49.3662,51.9014,41.931,59.175000000000004
34,0,0,17,100,100,250,25,0,2,False,True,1,0.9923650499999992,50.0,51.9014,41.931,59.175000000000004
35,0,0,17,100,100,250,25,0,2,False,True,2,0.9923650499999992,50.0,51.9014,41.931,59.175000000000004
36,0,0,18,100,100,250,25,0,2,False,True,1,0.9919376999999991,50.6338,51.9014,41.931,59.212
37,0,0,18,100,100,250,25,0,2,False,True,2,0.9919376999999991,50.6338,51.9014,41.931,59.212
38,0,0,19,100,100,250,25,0,2,False,True,1,0.9914603499999991,51.2676,51.9014,41.931,59.249
39,0,0,19,100,100,250,25,0,2,False,True,2,0.9914603499999991,51.2676,51.9014,41.931,59.249
40,0,0,20,100,100,250,25,0,2,False,True,1,0.991032999999999,51.9014,51.9014,41.967999999999996,59.286
41,0,0,20,100,100,250,25,0,2,False,True,2,0.991032999999999,51.9014,51.9014,41.967999999999996,59.286
42,0,0,21,100,100,250,25,0,2,False,True,1,0.990575649999999,52.5352,51.9014,41.931,59.323
43,0,0,21,100,100,250,25,0,2,False,True,2,0.990575649999999,52.5352,51.9014,41.931,59.323
44,0,0,22,100,100,250,25,0,2,False,True,1,0.990148299999999,52.5352,51.2676,41.967999999999996,59.286
45,0,0,22,100,100,250,25,0,2,False,True,2,0.990148299999999,52.5352,51.2676,41.967999999999996,59.286
46,0,0,23,100,100,250,25,0,2,False,True,1,0.9897209499999989,52.5352,50.6338,41.931,59.249
47,0,0,23,100,100,250,25,0,2,False,True,2,0.9897209499999989,52.5352,50.6338,41.931,59.249
48,0,0,24,100,100,250,25,0,2,False,True,1,0.9892935999999989,52.5352,50.0,41.967999999999996,59.212
49,0,0,24,100,100,250,25,0,2,False,True,2,0.9892935999999989,52.5352,50.0,41.967999999999996,59.212
50,0,0,25,100,100,250,25,0,2,False,True,1,0.9888662499999988,52.5352,49.3662,41.967999999999996,59.249
51,0,0,25,100,100,250,25,0,2,False,True,2,0.9888662499999988,52.5352,49.3662,41.967999999999996,59.249
52,0,0,26,100,100,250,25,0,2,False,True,1,0.9884388999999988,52.5352,48.7324,41.931,59.249
53,0,0,26,100,100,250,25,0,2,False,True,2,0.9884388999999988,52.5352,48.7324,41.931,59.249
54,0,0,27,100,100,250,25,0,2,False,True,1,0.9880115499999987,52.5352,48.0986,41.967999999999996,59.249
55,0,0,27,100,100,250,25,0,2,False,True,2,0.9880115499999987,52.5352,48.0986,41.967999999999996,59.249
56,0,0,28,100,100,250,25,0,2,False,True,1,0.9875841999999987,52.5352,47.4648,41.967999999999996,59.249
57,0,0,28,100,100,250,25,0,2,False,True,2,0.9875841999999987,52.5352,47.4648,41.967999999999996,59.249
58,0,0,29,100,100,250,25,0,2,False,True,1,0.9866868499999987,51.9014,47.4648,41.967999999999996,59.212
59,0,0,29,100,100,250,25,0,2,False,True,2,0.9866868499999987,51.9014,47.4648,41.967999999999996,59.212
60,0,0,30,100,100,250,25,0,2,False,True,1,0.9862594999999986,51.2676,47.4648,42.004999999999995,59.175000000000004
61,0,0,30,100,100,250,25,0,2,False,True,2,0.9862594999999986,51.2676,47.4648,42.004999999999995,59.175000000000004
62,0,0,31,100,100,250,25,0,2,False,True,1,0.9858321499999986,50.6338,47.4648,41.977999999999994,59.175000000000004
63,0,0,31,100,100,250,25,0,2,False,True,2,0.9858321499999986,50.6338,47.4648,41.977999999999994,59.175000000000004
64,0,0,32,100,100,250,25,0,2,False,True,1,0.9854047999999985,50.0,47.4648,42.019999999999996,59.175000000000004
65,0,0,32,100,100,250,25,0,2,False,True,2,0.9854047999999985,50.0,47.4648,42.019999999999996,59.175000000000004
66,0,0,33,100,100,250,25,0,2,False,True,1,0.9849774499999985,49.3662,47.4648,42.019999999999996,59.202000000000005
67,0,0,33,100,100,250,25,0,2,False,True,2,0.9849774499999985,49.3662,47.4648,42.019999999999996,59.202000000000005
68,0,0,34,100,100,250,25,0,2,False,True,1,0.9845500999999984,48.7324,47.4648,42.019999999999996,59.202000000000005
69,0,0,34,100,100,250,25,0,2,False,True,2,0.9845500999999984,48.7324,47.4648,42.019999999999996,59.202000000000005
70,0,0,35,100,100,250,25,0,2,False,True,1,0.9841227499999984,48.0986,47.4648,41.983,59.202000000000005
71,0,0,35,100,100,250,25,0,2,False,True,2,0.9841227499999984,48.0986,47.4648,41.983,59.202000000000005
72,0,0,36,100,100,250,25,0,2,False,True,1,0.9836953999999983,47.4648,47.4648,41.940999999999995,59.202000000000005
73,0,0,36,100,100,250,25,0,2,False,True,2,0.9836953999999983,47.4648,47.4648,41.940999999999995,59.202000000000005
74,0,0,37,100,100,250,25,0,2,False,True,1,0.9830780499999983,47.4648,48.0986,41.903999999999996,59.239000000000004
75,0,0,37,100,100,250,25,0,2,False,True,2,0.9830780499999983,47.4648,48.0986,41.903999999999996,59.239000000000004
76,0,0,38,100,100,250,25,0,2,False,True,1,0.9826506999999982,47.4648,48.7324,41.940999999999995,59.239000000000004
77,0,0,38,100,100,250,25,0,2,False,True,2,0.9826506999999982,47.4648,48.7324,41.940999999999995,59.239000000000004
78,0,0,39,100,100,250,25,0,2,False,True,1,0.9821033499999982,47.4648,49.3662,41.940999999999995,59.276
79,0,0,39,100,100,250,25,0,2,False,True,2,0.9821033499999982,47.4648,49.3662,41.940999999999995,59.276
80,0,0,40,100,100,250,25,0,2,False,True,1,0.9815559999999981,47.4648,50.0,41.903999999999996,59.276
81,0,0,40,100,100,250,25,0,2,False,True,2,0.9815559999999981,47.4648,50.0,41.903999999999996,59.276
82,0,0,41,100,100,250,25,0,2,False,True,1,0.981128649999998,47.4648,50.6338,41.867,59.239000000000004
83,0,0,41,100,100,250,25,0,2,False,True,2,0.981128649999998,47.4648,50.6338,41.867,59.239000000000004
84,0,0,42,100,100,250,25,0,2,False,True,1,0.980701299999998,47.4648,51.2676,41.83,59.202000000000005
85,0,0,42,100,100,250,25,0,2,False,True,2,0.980701299999998,47.4648,51.2676,41.83,59.202000000000005
86,0,0,43,100,100,250,25,0,2,False,True,1,0.980273949999998,47.4648,51.9014,41.83,59.239000000000004
87,0,0,43,100,100,250,25,0,2,False,True,2,0.980273949999998,47.4648,51.9014,41.83,59.239000000000004
88,0,0,44,100,100,250,25,0,2,False,True,1,0.9798465999999979,47.4648,52.5352,41.793,59.276
89,0,0,44,100,100,250,25,0,2,False,True,2,0.9798465999999979,47.4648,52.5352,41.793,59.276
90,0,0,45,100,100,250,25,0,2,False,True,1,0.9794192499999979,47.4648,53.169000000000004,41.756,59.276
91,0,0,45,100,100,250,25,0,2,False,True,2,0.9794192499999979,47.4648,53.169000000000004,41.756,59.276
92,0,0,46,100,100,250,25,0,2,False,True,1,0.9789018999999978,48.0986,53.169000000000004,41.719,59.239000000000004
93,0,0,46,100,100,250,25,0,2,False,True,2,0.9789018999999978,48.0986,53.169000000000004,41.719,59.239000000000004
94,0,0,47,100,100,250,25,0,2,False,True,1,0.9784745499999977,48.7324,53.169000000000004,41.756,59.276
95,0,0,47,100,100,250,25,0,2,False,True,2,0.9784745499999977,48.7324,53.169000000000004,41.756,59.276
96,0,0,48,100,100,250,25,0,2,False,True,1,0.9779571999999976,49.3662,53.169000000000004,41.719,59.239000000000004
97,0,0,48,100,100,250,25,0,2,False,True,2,0.9779571999999976,49.3662,53.169000000000004,41.719,59.239000000000004
98,0,0,49,100,100,250,25,0,2,False,True,1,0.9774498499999976,50.0,53.169000000000004,41.756,59.239000000000004
99,0,0,49,100,100,250,25,0,2,False,True,2,0.9774498499999976,50.0,53.169000000000004,41.756,59.239000000000004
100,0,0,50,100,100,250,25,0,2,False,True,1,0.9770224999999976,50.6338,53.169000000000004,41.793,59.276
101,0,0,50,100,100,250,25,0,2,False,True,2,0.9770224999999976,50.6338,53.169000000000004,41.793,59.276
102,0,0,51,100,100,250,25,0,2,False,True,1,0.9765251499999975,51.2676,53.169000000000004,41.83,59.239000000000004
103,0,0,51,100,100,250,25,0,2,False,True,2,0.9765251499999975,51.2676,53.169000000000004,41.83,59.239000000000004
104,0,0,52,100,100,250,25,0,2,False,True,1,0.9760977999999975,51.9014,53.169000000000004,41.83,59.276
105,0,0,52,100,100,250,25,0,2,False,True,2,0.9760977999999975,51.9014,53.169000000000004,41.83,59.276
106,0,0,53,100,100,250,25,0,2,False,True,1,0.9755904499999974,52.5352,53.169000000000004,41.793,59.239000000000004
107,0,0,53,100,100,250,25,0,2,False,True,2,0.9755904499999974,52.5352,53.169000000000004,41.793,59.239000000000004
108,0,0,54,100,100,250,25,0,2,False,True,1,0.9751630999999974,53.169000000000004,53.169000000000004,41.83,59.202000000000005
109,0,0,54,100,100,250,25,0,2,False,True,2,0.9751630999999974,53.169000000000004,53.169000000000004,41.83,59.202000000000005
110,0,0,55,100,100,250,25,0,2,False,True,1,0.9747357499999973,53.802800000000005,53.169000000000004,41.793,59.239000000000004
111,0,0,55,100,100,250,25,0,2,False,True,2,0.9747357499999973,53.802800000000005,53.169000000000004,41.793,59.239000000000004
112,0,0,56,100,100,250,25,0,2,False,True,1,0.9743083999999973,53.802800000000005,52.5352,41.83,59.239000000000004
113,0,0,56,100,100,250,25,0,2,False,True,2,0.9743083999999973,53.802800000000005,52.5352,41.83,59.239000000000004
114,0,0,57,100,100,250,25,0,2,False,True,1,0.9736610499999973,53.802800000000005,51.9014,41.867,59.239000000000004
115,0,0,57,100,100,250,25,0,2,False,True,2,0.9736610499999973,53.802800000000005,51.9014,41.867,59.239000000000004
116,0,0,58,100,100,250,25,0,2,False,True,1,0.9732336999999972,53.802800000000005,51.2676,41.83,59.202000000000005
117,0,0,58,100,100,250,25,0,2,False,True,2,0.9732336999999972,53.802800000000005,51.2676,41.83,59.202000000000005
118,0,0,59,100,100,250,25,0,2,False,True,1,0.9727963499999972,53.802800000000005,50.6338,41.793,59.165000000000006
119,0,0,59,100,100,250,25,0,2,False,True,2,0.9727963499999972,53.802800000000005,50.6338,41.793,59.165000000000006
120,0,0,60,100,100,250,25,0,2,False,True,1,0.9723689999999972,53.802800000000005,50.0,41.793,59.202000000000005
121,0,0,60,100,100,250,25,0,2,False,True,2,0.9723689999999972,53.802800000000005,50.0,41.793,59.202000000000005
122,0,0,61,100,100,250,25,0,2,False,True,1,0.9719416499999971,53.802800000000005,49.3662,41.756,59.202000000000005
123,0,0,61,100,100,250,25,0,2,False,True,2,0.9719416499999971,53.802800000000005,49.3662,41.756,59.202000000000005
124,0,0,62,100,100,250,25,0,2,False,True,1,0.971514299999997,53.802800000000005,48.7324,41.793,59.165000000000006
125,0,0,62,100,100,250,25,0,2,False,True,2,0.971514299999997,53.802800000000005,48.7324,41.793,59.165000000000006
126,0,0,63,100,100,250,25,0,2,False,True,1,0.971086949999997,53.802800000000005,48.0986,41.756,59.202000000000005
127,0,0,63,100,100,250,25,0,2,False,True,2,0.971086949999997,53.802800000000005,48.0986,41.756,59.202000000000005
128,0,0,64,100,100,250,25,0,2,False,True,1,0.970659599999997,53.802800000000005,47.4648,41.793,59.165000000000006
129,0,0,64,100,100,250,25,0,2,False,True,2,0.970659599999997,53.802800000000005,47.4648,41.793,59.165000000000006
130,0,0,65,100,100,250,25,0,2,False,True,1,0.9702322499999969,53.802800000000005,46.830999999999996,41.793,59.12800000000001
131,0,0,65,100,100,250,25,0,2,False,True,2,0.9702322499999969,53.802800000000005,46.830999999999996,41.793,59.12800000000001
132,0,0,66,100,100,250,25,0,2,False,True,1,0.9698048999999969,53.802800000000005,46.197199999999995,41.756,59.12800000000001
133,0,0,66,100,100,250,25,0,2,False,True,2,0.9698048999999969,53.802800000000005,46.197199999999995,41.756,59.12800000000001
134,0,0,67,100,100,250,25,0,2,False,True,1,0.9693775499999968,53.169000000000004,46.197199999999995,41.756,59.165000000000006
135,0,0,67,100,100,250,25,0,2,False,True,2,0.9693775499999968,53.169000000000004,46.197199999999995,41.756,59.165000000000006
136,0,0,68,100,100,250,25,0,2,False,True,1,0.9684501999999968,52.5352,46.197199999999995,41.793,59.12800000000001
137,0,0,68,100,100,250,25,0,2,False,True,2,0.9684501999999968,52.5352,46.197199999999995,41.793,59.12800000000001
138,0,0,69,100,100,250,25,0,2,False,True,1,0.9675728499999968,51.9014,46.197199999999995,41.793,59.09100000000001
139,0,0,69,100,100,250,25,0,2,False,True,2,0.9675728499999968,51.9014,46.197199999999995,41.793,59.09100000000001
140,0,0,70,100,100,250,25,0,2,False,True,1,0.9671454999999968,51.2676,46.197199999999995,41.83,59.09100000000001
141,0,0,70,100,100,250,25,0,2,False,True,2,0.9671454999999968,51.2676,46.197199999999995,41.83,59.09100000000001
142,0,0,71,100,100,250,25,0,2,False,True,1,0.9667181499999967,50.6338,46.197199999999995,41.867,59.12800000000001
143,0,0,71,100,100,250,25,0,2,False,True,2,0.9667181499999967,50.6338,46.197199999999995,41.867,59.12800000000001
144,0,0,72,100,100,250,25,0,2,False,True,1,0.9662907999999967,50.0,46.197199999999995,41.867,59.12800000000001
145,0,0,72,100,100,250,25,0,2,False,True,2,0.9662907999999967,50.0,46.197199999999995,41.867,59.12800000000001
146,0,0,73,100,100,250,25,0,2,False,True,1,0.9658634499999966,49.3662,46.197199999999995,41.83,59.165000000000006
147,0,0,73,100,100,250,25,0,2,False,True,2,0.9658634499999966,49.3662,46.197199999999995,41.83,59.165000000000006
148,0,0,74,100,100,250,25,0,2,False,True,1,0.9654360999999966,48.7324,46.197199999999995,41.867,59.12800000000001
149,0,0,74,100,100,250,25,0,2,False,True,2,0.9654360999999966,48.7324,46.197199999999995,41.867,59.12800000000001
150,0,0,75,100,100,250,25,0,2,False,True,1,0.9650087499999965,48.0986,46.197199999999995,41.83,59.165000000000006
151,0,0,75,100,100,250,25,0,2,False,True,2,0.9650087499999965,48.0986,46.197199999999995,41.83,59.165000000000006
152,0,0,76,100,100,250,25,0,2,False,True,1,0.9645813999999965,47.4648,46.197199999999995,41.83,59.202000000000005
153,0,0,76,100,100,250,25,0,2,False,True,2,0.9645813999999965,47.4648,46.197199999999995,41.83,59.202000000000005
154,0,0,77,100,100,250,25,0,2,False,True,1,0.9641540499999964,46.830999999999996,46.197199999999995,41.83,59.239000000000004
155,0,0,77,100,100,250,25,0,2,False,True,2,0.9641540499999964,46.830999999999996,46.197199999999995,41.83,59.239000000000004
156,0,0,78,100,100,250,25,0,2,False,True,1,0.9637266999999964,46.197199999999995,46.197199999999995,41.793,59.202000000000005
157,0,0,78,100,100,250,25,0,2,False,True,2,0.9637266999999964,46.197199999999995,46.197199999999995,41.793,59.202000000000005
158,0,0,79,100,100,250,25,0,2,False,True,1,0.9632993499999963,46.197199999999995,46.830999999999996,41.83,59.202000000000005
159,0,0,79,100,100,250,25,0,2,False,True,2,0.9632993499999963,46.197199999999995,46.830999999999996,41.83,59.202000000000005
160,0,0,80,100,100,250,25,0,2,False,True,1,0.9625519999999963,46.197199999999995,47.4648,41.793,59.165000000000006
161,0,0,80,100,100,250,25,0,2,False,True,2,0.9625519999999963,46.197199999999995,47.4648,41.793,59.165000000000006
162,0,0,81,100,100,250,25,0,2,False,True,1,0.9619046499999963,46.197199999999995,48.0986,41.756,59.202000000000005
163,0,0,81,100,100,250,25,0,2,False,True,2,0.9619046499999963,46.197199999999995,48.0986,41.756,59.202000000000005
164,0,0,82,100,100,250,25,0,2,False,True,1,0.9614772999999962,46.197199999999995,48.7324,41.719,59.202000000000005
165,0,0,82,100,100,250,25,0,2,False,True,2,0.9614772999999962,46.197199999999995,48.7324,41.719,59.202000000000005
166,0,0,83,100,100,250,25,0,2,False,True,1,0.9608299499999962,46.197199999999995,49.3662,41.756,59.202000000000005
167,0,0,83,100,100,250,25,0,2,False,True,2,0.9608299499999962,46.197199999999995,49.3662,41.756,59.202000000000005
168,0,0,84,100,100,250,25,0,2,False,True,1,0.9602625999999961,46.197199999999995,50.0,41.756,59.165000000000006
169,0,0,84,100,100,250,25,0,2,False,True,2,0.9602625999999961,46.197199999999995,50.0,41.756,59.165000000000006
170,0,0,85,100,100,250,25,0,2,False,True,1,0.959835249999996,46.197199999999995,50.6338,41.756,59.202000000000005
171,0,0,85,100,100,250,25,0,2,False,True,2,0.959835249999996,46.197199999999995,50.6338,41.756,59.202000000000005
172,0,0,86,100,100,250,25,0,2,False,True,1,0.959407899999996,46.197199999999995,51.2676,41.756,59.202000000000005
173,0,0,86,100,100,250,25,0,2,False,True,2,0.959407899999996,46.197199999999995,51.2676,41.756,59.202000000000005
174,0,0,87,100,100,250,25,0,2,False,True,1,0.9589805499999959,46.197199999999995,51.9014,41.756,59.165000000000006
175,0,0,87,100,100,250,25,0,2,False,True,2,0.9589805499999959,46.197199999999995,51.9014,41.756,59.165000000000006
176,0,0,88,100,100,250,25,0,2,False,True,1,0.9585531999999959,46.197199999999995,52.5352,41.756,59.165000000000006
177,0,0,88,100,100,250,25,0,2,False,True,2,0.9585531999999959,46.197199999999995,52.5352,41.756,59.165000000000006
178,0,0,89,100,100,250,25,0,2,False,True,1,0.9581258499999958,46.197199999999995,53.169000000000004,41.756,59.12800000000001
179,0,0,89,100,100,250,25,0,2,False,True,2,0.9581258499999958,46.197199999999995,53.169000000000004,41.756,59.12800000000001
180,0,0,90,100,100,250,25,0,2,False,True,1,0.9576984999999958,46.197199999999995,53.802800000000005,41.719,59.09100000000001
181,0,0,90,100,100,250,25,0,2,False,True,2,0.9576984999999958,46.197199999999995,53.802800000000005,41.719,59.09100000000001
182,0,0,91,100,100,250,25,0,2,False,True,1,0.9572711499999957,46.197199999999995,54.436600000000006,41.756,59.09100000000001
183,0,0,91,100,100,250,25,0,2,False,True,2,0.9572711499999957,46.197199999999995,54.436600000000006,41.756,59.09100000000001
184,0,0,92,100,100,250,25,0,2,False,True,1,0.9568437999999957,46.830999999999996,54.436600000000006,41.719,59.05400000000001
185,0,0,92,100,100,250,25,0,2,False,True,2,0.9568437999999957,46.830999999999996,54.436600000000006,41.719,59.05400000000001
186,0,0,93,100,100,250,25,0,2,False,True,1,0.9563164499999957,47.4648,54.436600000000006,41.719,59.01700000000001
187,0,0,93,100,100,250,25,0,2,False,True,2,0.9563164499999957,47.4648,54.436600000000006,41.719,59.01700000000001
188,0,0,94,100,100,250,25,0,2,False,True,1,0.9557890999999956,48.0986,54.436600000000006,41.719,58.98000000000001
189,0,0,94,100,100,250,25,0,2,False,True,2,0.9557890999999956,48.0986,54.436600000000006,41.719,58.98000000000001
190,0,0,95,100,100,250,25,0,2,False,True,1,0.9553617499999956,48.7324,54.436600000000006,41.719,58.98000000000001
191,0,0,95,100,100,250,25,0,2,False,True,2,0.9553617499999956,48.7324,54.436600000000006,41.719,58.98000000000001
192,0,0,96,100,100,250,25,0,2,False,True,1,0.9548343999999955,49.3662,54.436600000000006,41.719,58.98000000000001
193,0,0,96,100,100,250,25,0,2,False,True,2,0.9548343999999955,49.3662,54.436600000000006,41.719,58.98000000000001
194,0,0,97,100,100,250,25,0,2,False,True,1,0.9543270499999955,50.0,54.436600000000006,41.682,59.01700000000001
195,0,0,97,100,100,250,25,0,2,False,True,2,0.9543270499999955,50.0,54.436600000000006,41.682,59.01700000000001
196,0,0,98,100,100,250,25,0,2,False,True,1,0.9538996999999955,50.6338,54.436600000000006,41.64,59.01700000000001
197,0,0,98,100,100,250,25,0,2,False,True,2,0.9538996999999955,50.6338,54.436600000000006,41.64,59.01700000000001
198,0,0,99,100,100,250,25,0,2,False,True,1,0.9533923499999954,51.2676,54.436600000000006,41.603,58.98000000000001
199,0,0,99,100,100,250,25,0,2,False,True,2,0.9533923499999954,51.2676,54.436600000000006,41.603,58.98000000000001
200,0,0,100,100,100,250,25,0,2,False,True,1,0.9529649999999954,51.9014,54.436600000000006,41.63,59.00700000000001
201,0,0,100,100,100,250,25,0,2,False,True,2,0.9529649999999954,51.9014,54.436600000000006,41.63,59.00700000000001
202,0,0,101,100,100,250,25,0,2,False,True,1,0.9524476499999953,52.5352,54.436600000000006,41.63,59.00700000000001
203,0,0,101,100,100,250,25,0,2,False,True,2,0.9524476499999953,52.5352,54.436600000000006,41.63,59.00700000000001
204,0,0,102,100,100,250,25,0,2,False,True,1,0.9520202999999953,53.169000000000004,54.436600000000006,41.593,59.00700000000001
205,0,0,102,100,100,250,25,0,2,False,True,2,0.9520202999999953,53.169000000000004,54.436600000000006,41.593,59.00700000000001
206,0,0,103,100,100,250,25,0,2,False,True,1,0.9515929499999952,53.802800000000005,54.436600000000006,41.63,59.00700000000001
207,0,0,103,100,100,250,25,0,2,False,True,2,0.9515929499999952,53.802800000000005,54.436600000000006,41.63,59.00700000000001
208,0,0,104,100,100,250,25,0,2,False,True,1,0.9511655999999952,54.436600000000006,54.436600000000006,41.63,59.04400000000001
209,0,0,104,100,100,250,25,0,2,False,True,2,0.9511655999999952,54.436600000000006,54.436600000000006,41.63,59.04400000000001
210,0,0,105,100,100,250,25,0,2,False,True,1,0.9507382499999951,55.07040000000001,54.436600000000006,41.667,59.00700000000001
211,0,0,105,100,100,250,25,0,2,False,True,2,0.9507382499999951,55.07040000000001,54.436600000000006,41.667,59.00700000000001
212,0,0,106,100,100,250,25,0,2,False,True,1,0.9500608999999951,55.07040000000001,53.802800000000005,41.704,59.00700000000001
213,0,0,106,100,100,250,25,0,2,False,True,2,0.9500608999999951,55.07040000000001,53.802800000000005,41.704,59.00700000000001
214,0,0,107,100,100,250,25,0,2,False,True,1,0.949633549999995,55.07040000000001,53.169000000000004,41.704,59.04400000000001
215,0,0,107,100,100,250,25,0,2,False,True,2,0.949633549999995,55.07040000000001,53.169000000000004,41.704,59.04400000000001
216,0,0,108,100,100,250,25,0,2,False,True,1,0.948326199999995,55.07040000000001,52.5352,41.741,59.00700000000001
217,0,0,108,100,100,250,25,0,2,False,True,2,0.948326199999995,55.07040000000001,52.5352,41.741,59.00700000000001
218,0,0,109,100,100,250,25,0,2,False,True,1,0.947578849999995,55.07040000000001,51.9014,41.741,59.04400000000001
219,0,0,109,100,100,250,25,0,2,False,True,2,0.947578849999995,55.07040000000001,51.9014,41.741,59.04400000000001
220,0,0,110,100,100,250,25,0,2,False,True,1,0.9471514999999949,55.07040000000001,51.2676,41.741,59.08100000000001
221,0,0,110,100,100,250,25,0,2,False,True,2,0.9471514999999949,55.07040000000001,51.2676,41.741,59.08100000000001
222,0,0,111,100,100,250,25,0,2,False,True,1,0.9467241499999949,55.07040000000001,50.6338,41.778,59.11800000000001
223,0,0,111,100,100,250,25,0,2,False,True,2,0.9467241499999949,55.07040000000001,50.6338,41.778,59.11800000000001
224,0,0,112,100,100,250,25,0,2,False,True,1,0.9462967999999948,55.07040000000001,50.0,41.815,59.11800000000001
225,0,0,112,100,100,250,25,0,2,False,True,2,0.9462967999999948,55.07040000000001,50.0,41.815,59.11800000000001
226,0,0,113,100,100,250,25,0,2,False,True,1,0.9458694499999948,55.07040000000001,49.3662,41.815,59.08100000000001
227,0,0,113,100,100,250,25,0,2,False,True,2,0.9458694499999948,55.07040000000001,49.3662,41.815,59.08100000000001
228,0,0,114,100,100,250,25,0,2,False,True,1,0.9454420999999947,55.07040000000001,48.7324,41.852,59.11800000000001
229,0,0,114,100,100,250,25,0,2,False,True,2,0.9454420999999947,55.07040000000001,48.7324,41.852,59.11800000000001
230,0,0,115,100,100,250,25,0,2,False,True,1,0.9450147499999947,55.07040000000001,48.0986,41.815,59.15500000000001
231,0,0,115,100,100,250,25,0,2,False,True,2,0.9450147499999947,55.07040000000001,48.0986,41.815,59.15500000000001
232,0,0,116,100,100,250,25,0,2,False,True,1,0.9445873999999946,55.07040000000001,47.4648,41.815,59.11800000000001
233,0,0,116,100,100,250,25,0,2,False,True,2,0.9445873999999946,55.07040000000001,47.4648,41.815,59.11800000000001
234,0,0,117,100,100,250,25,0,2,False,True,1,0.9441600499999946,55.07040000000001,46.830999999999996,41.852,59.15500000000001
235,0,0,117,100,100,250,25,0,2,False,True,2,0.9441600499999946,55.07040000000001,46.830999999999996,41.852,59.15500000000001
236,0,0,118,100,100,250,25,0,2,False,True,1,0.9437326999999945,55.07040000000001,46.197199999999995,41.852,59.15500000000001
237,0,0,118,100,100,250,25,0,2,False,True,2,0.9437326999999945,55.07040000000001,46.197199999999995,41.852,59.15500000000001
238,0,0,119,100,100,250,25,0,2,False,True,1,0.9433053499999945,55.07040000000001,45.563399999999994,41.852,59.15500000000001
239,0,0,119,100,100,250,25,0,2,False,True,2,0.9433053499999945,55.07040000000001,45.563399999999994,41.852,59.15500000000001
240,0,0,120,100,100,250,25,0,2,False,True,1,0.9428779999999944,55.07040000000001,44.92959999999999,41.888999999999996,59.15500000000001
241,0,0,120,100,100,250,25,0,2,False,True,2,0.9428779999999944,55.07040000000001,44.92959999999999,41.888999999999996,59.15500000000001
242,0,0,121,100,100,250,25,0,2,False,True,1,0.9417006499999944,54.436600000000006,44.92959999999999,41.925999999999995,59.19200000000001
243,0,0,121,100,100,250,25,0,2,False,True,2,0.9417006499999944,54.436600000000006,44.92959999999999,41.925999999999995,59.19200000000001
244,0,0,122,100,100,250,25,0,2,False,True,1,0.9408632999999943,53.802800000000005,44.92959999999999,41.925999999999995,59.15500000000001
245,0,0,122,100,100,250,25,0,2,False,True,2,0.9408632999999943,53.802800000000005,44.92959999999999,41.925999999999995,59.15500000000001
246,0,0,123,100,100,250,25,0,2,False,True,1,0.9404359499999942,53.169000000000004,44.92959999999999,41.888999999999996,59.15500000000001
247,0,0,123,100,100,250,25,0,2,False,True,2,0.9404359499999942,53.169000000000004,44.92959999999999,41.888999999999996,59.15500000000001
248,0,0,124,100,100,250,25,0,2,False,True,1,0.9396185999999942,52.5352,44.92959999999999,41.888999999999996,59.11800000000001
249,0,0,124,100,100,250,25,0,2,False,True,2,0.9396185999999942,52.5352,44.92959999999999,41.888999999999996,59.11800000000001
250,0,0,125,100,100,250,25,0,2,False,True,1,0.9387512499999942,51.9014,44.92959999999999,41.852,59.11800000000001
251,0,0,125,100,100,250,25,0,2,False,True,2,0.9387512499999942,51.9014,44.92959999999999,41.852,59.11800000000001
252,0,0,126,100,100,250,25,0,2,False,True,1,0.9383238999999941,51.2676,44.92959999999999,41.852,59.11800000000001
253,0,0,126,100,100,250,25,0,2,False,True,2,0.9383238999999941,51.2676,44.92959999999999,41.852,59.11800000000001
254,0,0,127,100,100,250,25,0,2,False,True,1,0.9378965499999941,50.6338,44.92959999999999,41.815,59.08100000000001
255,0,0,127,100,100,250,25,0,2,False,True,2,0.9378965499999941,50.6338,44.92959999999999,41.815,59.08100000000001
256,0,0,128,100,100,250,25,0,2,False,True,1,0.937469199999994,50.0,44.92959999999999,41.852,59.04400000000001
257,0,0,128,100,100,250,25,0,2,False,True,2,0.937469199999994,50.0,44.92959999999999,41.852,59.04400000000001
258,0,0,129,100,100,250,25,0,2,False,True,1,0.937041849999994,49.3662,44.92959999999999,41.888999999999996,59.04400000000001
259,0,0,129,100,100,250,25,0,2,False,True,2,0.937041849999994,49.3662,44.92959999999999,41.888999999999996,59.04400000000001
260,0,0,130,100,100,250,25,0,2,False,True,1,0.9366144999999939,48.7324,44.92959999999999,41.888999999999996,59.04400000000001
261,0,0,130,100,100,250,25,0,2,False,True,2,0.9366144999999939,48.7324,44.92959999999999,41.888999999999996,59.04400000000001
262,0,0,131,100,100,250,25,0,2,False,True,1,0.9361871499999939,48.0986,44.92959999999999,41.925999999999995,59.08100000000001
263,0,0,131,100,100,250,25,0,2,False,True,2,0.9361871499999939,48.0986,44.92959999999999,41.925999999999995,59.08100000000001
264,0,0,132,100,100,250,25,0,2,False,True,1,0.9357597999999938,47.4648,44.92959999999999,41.962999999999994,59.04400000000001
265,0,0,132,100,100,250,25,0,2,False,True,2,0.9357597999999938,47.4648,44.92959999999999,41.962999999999994,59.04400000000001
266,0,0,133,100,100,250,25,0,2,False,True,1,0.9353324499999938,46.830999999999996,44.92959999999999,41.99999999999999,59.08100000000001
267,0,0,133,100,100,250,25,0,2,False,True,2,0.9353324499999938,46.830999999999996,44.92959999999999,41.99999999999999,59.08100000000001
268,0,0,134,100,100,250,25,0,2,False,True,1,0.9349050999999937,46.197199999999995,44.92959999999999,41.99999999999999,59.04400000000001
269,0,0,134,100,100,250,25,0,2,False,True,2,0.9349050999999937,46.197199999999995,44.92959999999999,41.99999999999999,59.04400000000001
270,0,0,135,100,100,250,25,0,2,False,True,1,0.9344777499999937,45.563399999999994,44.92959999999999,42.03699999999999,59.08100000000001
271,0,0,135,100,100,250,25,0,2,False,True,2,0.9344777499999937,45.563399999999994,44.92959999999999,42.03699999999999,59.08100000000001
272,0,0,136,100,100,250,25,0,2,False,True,1,0.9340503999999936,44.92959999999999,44.92959999999999,42.06399999999999,59.08100000000001
273,0,0,136,100,100,250,25,0,2,False,True,2,0.9340503999999936,44.92959999999999,44.92959999999999,42.06399999999999,59.08100000000001
274,0,0,137,100,100,250,25,0,2,False,True,1,0.9334530499999936,44.92959999999999,45.563399999999994,42.06399999999999,59.11800000000001
275,0,0,137,100,100,250,25,0,2,False,True,2,0.9334530499999936,44.92959999999999,45.563399999999994,42.06399999999999,59.11800000000001
276,0,0,138,100,100,250,25,0,2,False,True,1,0.9327856999999935,44.92959999999999,46.197199999999995,42.06399999999999,59.11800000000001
277,0,0,138,100,100,250,25,0,2,False,True,2,0.9327856999999935,44.92959999999999,46.197199999999995,42.06399999999999,59.11800000000001
278,0,0,139,100,100,250,25,0,2,False,True,1,0.9323583499999935,44.92959999999999,46.830999999999996,42.10099999999999,59.11800000000001
279,0,0,139,100,100,250,25,0,2,False,True,2,0.9323583499999935,44.92959999999999,46.830999999999996,42.10099999999999,59.11800000000001
280,0,0,140,100,100,250,25,0,2,False,True,1,0.9316109999999934,44.92959999999999,47.4648,42.10099999999999,59.08100000000001
281,0,0,140,100,100,250,25,0,2,False,True,2,0.9316109999999934,44.92959999999999,47.4648,42.10099999999999,59.08100000000001
282,0,0,141,100,100,250,25,0,2,False,True,1,0.9309436499999934,44.92959999999999,48.0986,42.10099999999999,59.08100000000001
283,0,0,141,100,100,250,25,0,2,False,True,2,0.9309436499999934,44.92959999999999,48.0986,42.10099999999999,59.08100000000001
284,0,0,142,100,100,250,25,0,2,False,True,1,0.9305162999999933,44.92959999999999,48.7324,42.06399999999999,59.08100000000001
285,0,0,142,100,100,250,25,0,2,False,True,2,0.9305162999999933,44.92959999999999,48.7324,42.06399999999999,59.08100000000001
286,0,0,143,100,100,250,25,0,2,False,True,1,0.9298889499999933,44.92959999999999,49.3662,42.026999999999994,59.04400000000001
287,0,0,143,100,100,250,25,0,2,False,True,2,0.9298889499999933,44.92959999999999,49.3662,42.026999999999994,59.04400000000001
288,0,0,144,100,100,250,25,0,2,False,True,1,0.9293515999999932,44.92959999999999,50.0,41.989999999999995,59.08100000000001
289,0,0,144,100,100,250,25,0,2,False,True,2,0.9293515999999932,44.92959999999999,50.0,41.989999999999995,59.08100000000001
290,0,0,145,100,100,250,25,0,2,False,True,1,0.9289242499999931,44.92959999999999,50.6338,41.94799999999999,59.08100000000001
291,0,0,145,100,100,250,25,0,2,False,True,2,0.9289242499999931,44.92959999999999,50.6338,41.94799999999999,59.08100000000001
292,0,0,146,100,100,250,25,0,2,False,True,1,0.9284968999999931,44.92959999999999,51.2676,41.98499999999999,59.11800000000001
293,0,0,146,100,100,250,25,0,2,False,True,2,0.9284968999999931,44.92959999999999,51.2676,41.98499999999999,59.11800000000001
294,0,0,147,100,100,250,25,0,2,False,True,1,0.928069549999993,44.92959999999999,51.9014,42.02199999999999,59.08100000000001
295,0,0,147,100,100,250,25,0,2,False,True,2,0.928069549999993,44.92959999999999,51.9014,42.02199999999999,59.08100000000001
296,0,0,148,100,100,250,25,0,2,False,True,1,0.927642199999993,44.92959999999999,52.5352,41.99499999999999,59.05400000000001
297,0,0,148,100,100,250,25,0,2,False,True,2,0.927642199999993,44.92959999999999,52.5352,41.99499999999999,59.05400000000001
298,0,0,149,100,100,250,25,0,2,False,True,1,0.9272148499999929,44.92959999999999,53.169000000000004,42.03699999999999,59.09600000000001
299,0,0,149,100,100,250,25,0,2,False,True,2,0.9272148499999929,44.92959999999999,53.169000000000004,42.03699999999999,59.09600000000001
300,0,0,150,100,100,250,25,0,2,False,True,1,0.9267874999999929,44.92959999999999,53.802800000000005,42.00999999999999,59.09600000000001
301,0,0,150,100,100,250,25,0,2,False,True,2,0.9267874999999929,44.92959999999999,53.802800000000005,42.00999999999999,59.09600000000001
302,0,0,151,100,100,250,25,0,2,False,True,1,0.9263601499999928,44.92959999999999,54.436600000000006,41.97299999999999,59.05900000000001
303,0,0,151,100,100,250,25,0,2,False,True,2,0.9263601499999928,44.92959999999999,54.436600000000006,41.97299999999999,59.05900000000001
304,0,0,152,100,100,250,25,0,2,False,True,1,0.9259327999999928,44.92959999999999,55.07040000000001,41.97299999999999,59.10100000000001
305,0,0,152,100,100,250,25,0,2,False,True,2,0.9259327999999928,44.92959999999999,55.07040000000001,41.97299999999999,59.10100000000001
306,0,0,153,100,100,250,25,0,2,False,True,1,0.9255054499999927,44.92959999999999,55.70420000000001,41.93599999999999,59.064000000000014
307,0,0,153,100,100,250,25,0,2,False,True,2,0.9255054499999927,44.92959999999999,55.70420000000001,41.93599999999999,59.064000000000014
308,0,0,154,100,100,250,25,0,2,False,True,1,0.9249580999999927,45.563399999999994,55.70420000000001,41.97299999999999,59.064000000000014
309,0,0,154,100,100,250,25,0,2,False,True,2,0.9249580999999927,45.563399999999994,55.70420000000001,41.97299999999999,59.064000000000014
310,0,0,155,100,100,250,25,0,2,False,True,1,0.9244207499999926,46.197199999999995,55.70420000000001,41.93599999999999,59.027000000000015
311,0,0,155,100,100,250,25,0,2,False,True,2,0.9244207499999926,46.197199999999995,55.70420000000001,41.93599999999999,59.027000000000015
312,0,0,156,100,100,250,25,0,2,False,True,1,0.9239933999999925,46.830999999999996,55.70420000000001,41.97299999999999,59.027000000000015
313,0,0,156,100,100,250,25,0,2,False,True,2,0.9239933999999925,46.830999999999996,55.70420000000001,41.97299999999999,59.027000000000015
314,0,0,157,100,100,250,25,0,2,False,True,1,0.9234560499999924,47.4648,55.70420000000001,42.00999999999999,59.027000000000015
315,0,0,157,100,100,250,25,0,2,False,True,2,0.9234560499999924,47.4648,55.70420000000001,42.00999999999999,59.027000000000015
316,0,0,158,100,100,250,25,0,2,False,True,1,0.9229286999999924,48.0986,55.70420000000001,42.00999999999999,59.000000000000014
317,0,0,158,100,100,250,25,0,2,False,True,2,0.9229286999999924,48.0986,55.70420000000001,42.00999999999999,59.000000000000014
318,0,0,159,100,100,250,25,0,2,False,True,1,0.9225013499999923,48.7324,55.70420000000001,41.97299999999999,59.03700000000001
319,0,0,159,100,100,250,25,0,2,False,True,2,0.9225013499999923,48.7324,55.70420000000001,41.97299999999999,59.03700000000001
320,0,0,160,100,100,250,25,0,2,False,True,1,0.9219639999999922,49.3662,55.70420000000001,41.93099999999999,59.03700000000001
321,0,0,160,100,100,250,25,0,2,False,True,2,0.9219639999999922,49.3662,55.70420000000001,41.93099999999999,59.03700000000001
322,0,0,161,100,100,250,25,0,2,False,True,1,0.9214366499999922,50.0,55.70420000000001,41.93099999999999,59.07400000000001
323,0,0,161,100,100,250,25,0,2,False,True,2,0.9214366499999922,50.0,55.70420000000001,41.93099999999999,59.07400000000001
324,0,0,162,100,100,250,25,0,2,False,True,1,0.9210092999999921,50.6338,55.70420000000001,41.93099999999999,59.11100000000001
325,0,0,162,100,100,250,25,0,2,False,True,2,0.9210092999999921,50.6338,55.70420000000001,41.93099999999999,59.11100000000001
326,0,0,163,100,100,250,25,0,2,False,True,1,0.9204919499999921,51.2676,55.70420000000001,41.93099999999999,59.11100000000001
327,0,0,163,100,100,250,25,0,2,False,True,2,0.9204919499999921,51.2676,55.70420000000001,41.93099999999999,59.11100000000001
328,0,0,164,100,100,250,25,0,2,False,True,1,0.920064599999992,51.9014,55.70420000000001,41.89399999999999,59.07400000000001
329,0,0,164,100,100,250,25,0,2,False,True,2,0.920064599999992,51.9014,55.70420000000001,41.89399999999999,59.07400000000001
330,0,0,165,100,100,250,25,0,2,False,True,1,0.919537249999992,52.5352,55.70420000000001,41.89399999999999,59.11100000000001
331,0,0,165,100,100,250,25,0,2,False,True,2,0.919537249999992,52.5352,55.70420000000001,41.89399999999999,59.11100000000001
332,0,0,166,100,100,250,25,0,2,False,True,1,0.9191098999999919,53.169000000000004,55.70420000000001,41.93099999999999,59.07400000000001
333,0,0,166,100,100,250,25,0,2,False,True,2,0.9191098999999919,53.169000000000004,55.70420000000001,41.93099999999999,59.07400000000001
334,0,0,167,100,100,250,25,0,2,False,True,1,0.9186825499999919,53.802800000000005,55.70420000000001,41.96799999999999,59.07400000000001
335,0,0,167,100,100,250,25,0,2,False,True,2,0.9186825499999919,53.802800000000005,55.70420000000001,41.96799999999999,59.07400000000001
336,0,0,168,100,100,250,25,0,2,False,True,1,0.9182551999999918,54.436600000000006,55.70420000000001,41.96799999999999,59.03700000000001
337,0,0,168,100,100,250,25,0,2,False,True,2,0.9182551999999918,54.436600000000006,55.70420000000001,41.96799999999999,59.03700000000001
338,0,0,169,100,100,250,25,0,2,False,True,1,0.9178278499999918,55.07040000000001,55.70420000000001,42.00499999999999,59.07400000000001
339,0,0,169,100,100,250,25,0,2,False,True,2,0.9178278499999918,55.07040000000001,55.70420000000001,42.00499999999999,59.07400000000001
340,0,0,170,100,100,250,25,0,2,False,True,1,0.9174004999999917,55.70420000000001,55.70420000000001,42.00499999999999,59.04700000000001
341,0,0,170,100,100,250,25,0,2,False,True,2,0.9174004999999917,55.70420000000001,55.70420000000001,42.00499999999999,59.04700000000001
342,0,0,171,100,100,250,25,0,2,False,True,1,0.9169731499999917,56.33800000000001,55.70420000000001,42.00499999999999,59.01000000000001
343,0,0,171,100,100,250,25,0,2,False,True,2,0.9169731499999917,56.33800000000001,55.70420000000001,42.00499999999999,59.01000000000001
344,0,0,172,100,100,250,25,0,2,False,True,1,0.9165457999999916,56.33800000000001,55.07040000000001,41.96799999999999,59.04700000000001
345,0,0,172,100,100,250,25,0,2,False,True,2,0.9165457999999916,56.33800000000001,55.07040000000001,41.96799999999999,59.04700000000001
346,0,0,173,100,100,250,25,0,2,False,True,1,0.9161184499999916,56.33800000000001,54.436600000000006,41.92599999999999,59.04700000000001
347,0,0,173,100,100,250,25,0,2,False,True,2,0.9161184499999916,56.33800000000001,54.436600000000006,41.92599999999999,59.04700000000001
348,0,0,174,100,100,250,25,0,2,False,True,1,0.9152110999999915,56.33800000000001,53.802800000000005,41.92599999999999,59.08400000000001
349,0,0,174,100,100,250,25,0,2,False,True,2,0.9152110999999915,56.33800000000001,53.802800000000005,41.92599999999999,59.08400000000001
350,0,0,175,100,100,250,25,0,2,False,True,1,0.9147837499999915,56.33800000000001,53.169000000000004,41.88899999999999,59.04700000000001
351,0,0,175,100,100,250,25,0,2,False,True,2,0.9147837499999915,56.33800000000001,53.169000000000004,41.88899999999999,59.04700000000001
352,0,0,176,100,100,250,25,0,2,False,True,1,0.9134263999999914,56.33800000000001,52.5352,41.88899999999999,59.01000000000001
353,0,0,176,100,100,250,25,0,2,False,True,2,0.9134263999999914,56.33800000000001,52.5352,41.88899999999999,59.01000000000001
354,0,0,177,100,100,250,25,0,2,False,True,1,0.9128190499999914,56.33800000000001,51.9014,41.92599999999999,59.01000000000001
355,0,0,177,100,100,250,25,0,2,False,True,2,0.9128190499999914,56.33800000000001,51.9014,41.92599999999999,59.01000000000001
356,0,0,178,100,100,250,25,0,2,False,True,1,0.9123916999999914,56.33800000000001,51.2676,41.92599999999999,58.97300000000001
357,0,0,178,100,100,250,25,0,2,False,True,2,0.9123916999999914,56.33800000000001,51.2676,41.92599999999999,58.97300000000001
358,0,0,179,100,100,250,25,0,2,False,True,1,0.9119643499999913,56.33800000000001,50.6338,41.92599999999999,58.97300000000001
359,0,0,179,100,100,250,25,0,2,False,True,2,0.9119643499999913,56.33800000000001,50.6338,41.92599999999999,58.97300000000001
360,0,0,180,100,100,250,25,0,2,False,True,1,0.9115369999999913,56.33800000000001,50.0,41.96299999999999,59.01000000000001
361,0,0,180,100,100,250,25,0,2,False,True,2,0.9115369999999913,56.33800000000001,50.0,41.96299999999999,59.01000000000001
362,0,0,181,100,100,250,25,0,2,False,True,1,0.9111096499999912,56.33800000000001,49.3662,41.96299999999999,59.01000000000001
363,0,0,181,100,100,250,25,0,2,False,True,2,0.9111096499999912,56.33800000000001,49.3662,41.96299999999999,59.01000000000001
364,0,0,182,100,100,250,25,0,2,False,True,1,0.9106822999999912,56.33800000000001,48.7324,41.92599999999999,59.01000000000001
365,0,0,182,100,100,250,25,0,2,False,True,2,0.9106822999999912,56.33800000000001,48.7324,41.92599999999999,59.01000000000001
366,0,0,183,100,100,250,25,0,2,False,True,1,0.9102549499999911,56.33800000000001,48.0986,41.96299999999999,58.97300000000001
367,0,0,183,100,100,250,25,0,2,False,True,2,0.9102549499999911,56.33800000000001,48.0986,41.96299999999999,58.97300000000001
368,0,0,184,100,100,250,25,0,2,False,True,1,0.9098275999999911,56.33800000000001,47.4648,41.98999999999999,58.94600000000001
369,0,0,184,100,100,250,25,0,2,False,True,2,0.9098275999999911,56.33800000000001,47.4648,41.98999999999999,58.94600000000001
370,0,0,185,100,100,250,25,0,2,False,True,1,0.9093902499999911,56.33800000000001,46.830999999999996,41.98999999999999,58.94600000000001
371,0,0,185,100,100,250,25,0,2,False,True,2,0.9093902499999911,56.33800000000001,46.830999999999996,41.98999999999999,58.94600000000001
372,0,0,186,100,100,250,25,0,2,False,True,1,0.908962899999991,56.33800000000001,46.197199999999995,41.95299999999999,58.98300000000001
373,0,0,186,100,100,250,25,0,2,False,True,2,0.908962899999991,56.33800000000001,46.197199999999995,41.95299999999999,58.98300000000001
374,0,0,187,100,100,250,25,0,2,False,True,1,0.908535549999991,56.33800000000001,45.563399999999994,41.98999999999999,58.94600000000001
375,0,0,187,100,100,250,25,0,2,False,True,2,0.908535549999991,56.33800000000001,45.563399999999994,41.98999999999999,58.94600000000001
376,0,0,188,100,100,250,25,0,2,False,True,1,0.9081081999999909,56.33800000000001,44.92959999999999,41.98999999999999,58.90900000000001
377,0,0,188,100,100,250,25,0,2,False,True,2,0.9081081999999909,56.33800000000001,44.92959999999999,41.98999999999999,58.90900000000001
378,0,0,189,100,100,250,25,0,2,False,True,1,0.9076808499999909,56.33800000000001,44.29579999999999,41.95299999999999,58.872000000000014
379,0,0,189,100,100,250,25,0,2,False,True,2,0.9076808499999909,56.33800000000001,44.29579999999999,41.95299999999999,58.872000000000014
380,0,0,190,100,100,250,25,0,2,False,True,1,0.9072534999999908,56.33800000000001,43.66199999999999,41.91599999999999,58.872000000000014
381,0,0,190,100,100,250,25,0,2,False,True,2,0.9072534999999908,56.33800000000001,43.66199999999999,41.91599999999999,58.872000000000014
382,0,0,191,100,100,250,25,0,2,False,True,1,0.9051761499999907,55.70420000000001,43.66199999999999,41.87899999999999,58.90900000000001
383,0,0,191,100,100,250,25,0,2,False,True,2,0.9051761499999907,55.70420000000001,43.66199999999999,41.87899999999999,58.90900000000001
384,0,0,192,100,100,250,25,0,2,False,True,1,0.9047487999999907,55.07040000000001,43.66199999999999,41.84199999999999,58.872000000000014
385,0,0,192,100,100,250,25,0,2,False,True,2,0.9047487999999907,55.07040000000001,43.66199999999999,41.84199999999999,58.872000000000014
386,0,0,193,100,100,250,25,0,2,False,True,1,0.9034414499999907,54.436600000000006,43.66199999999999,41.84199999999999,58.872000000000014
387,0,0,193,100,100,250,25,0,2,False,True,2,0.9034414499999907,54.436600000000006,43.66199999999999,41.84199999999999,58.872000000000014
388,0,0,194,100,100,250,25,0,2,False,True,1,0.9026040999999906,53.802800000000005,43.66199999999999,41.84199999999999,58.90900000000001
389,0,0,194,100,100,250,25,0,2,False,True,2,0.9026040999999906,53.802800000000005,43.66199999999999,41.84199999999999,58.90900000000001
390,0,0,195,100,100,250,25,0,2,False,True,1,0.9021767499999905,53.169000000000004,43.66199999999999,41.80499999999999,58.94600000000001
391,0,0,195,100,100,250,25,0,2,False,True,2,0.9021767499999905,53.169000000000004,43.66199999999999,41.80499999999999,58.94600000000001
392,0,0,196,100,100,250,25,0,2,False,True,1,0.9014593999999905,52.5352,43.66199999999999,41.84199999999999,58.90900000000001
393,0,0,196,100,100,250,25,0,2,False,True,2,0.9014593999999905,52.5352,43.66199999999999,41.84199999999999,58.90900000000001
394,0,0,197,100,100,250,25,0,2,False,True,1,0.9007420499999904,51.9014,43.66199999999999,41.80499999999999,58.90900000000001
395,0,0,197,100,100,250,25,0,2,False,True,2,0.9007420499999904,51.9014,43.66199999999999,41.80499999999999,58.90900000000001
396,0,0,198,100,100,250,25,0,2,False,True,1,0.9003146999999904,51.2676,43.66199999999999,41.767999999999994,58.872000000000014
397,0,0,198,100,100,250,25,0,2,False,True,2,0.9003146999999904,51.2676,43.66199999999999,41.767999999999994,58.872000000000014
398,0,0,199,100,100,250,25,0,2,False,True,1,0.8998873499999903,50.6338,43.66199999999999,41.730999999999995,58.872000000000014
399,0,0,199,100,100,250,25,0,2,False,True,2,0.8998873499999903,50.6338,43.66199999999999,41.730999999999995,58.872000000000014
400,0,0,200,100,100,250,25,0,2,False,True,1,0.8994599999999903,50.0,43.66199999999999,41.730999999999995,58.90900000000001
401,0,0,200,100,100,250,25,0,2,False,True,2,0.8994599999999903,50.0,43.66199999999999,41.730999999999995,58.90900000000001
402,0,0,201,100,100,250,25,0,2,False,True,1,0.8990326499999902,49.3662,43.66199999999999,41.730999999999995,58.872000000000014
403,0,0,201,100,100,250,25,0,2,False,True,2,0.8990326499999902,49.3662,43.66199999999999,41.730999999999995,58.872000000000014
404,0,0,202,100,100,250,25,0,2,False,True,1,0.8986052999999902,48.7324,43.66199999999999,41.767999999999994,58.872000000000014
405,0,0,202,100,100,250,25,0,2,False,True,2,0.8986052999999902,48.7324,43.66199999999999,41.767999999999994,58.872000000000014
406,0,0,203,100,100,250,25,0,2,False,True,1,0.8981779499999901,48.0986,43.66199999999999,41.80499999999999,58.872000000000014
407,0,0,203,100,100,250,25,0,2,False,True,2,0.8981779499999901,48.0986,43.66199999999999,41.80499999999999,58.872000000000014
408,0,0,204,100,100,250,25,0,2,False,True,1,0.8977505999999901,47.4648,43.66199999999999,41.767999999999994,58.90900000000001
409,0,0,204,100,100,250,25,0,2,False,True,2,0.8977505999999901,47.4648,43.66199999999999,41.767999999999994,58.90900000000001
410,0,0,205,100,100,250,25,0,2,False,True,1,0.89732324999999,46.830999999999996,43.66199999999999,41.80499999999999,58.872000000000014
411,0,0,205,100,100,250,25,0,2,False,True,2,0.89732324999999,46.830999999999996,43.66199999999999,41.80499999999999,58.872000000000014
412,0,0,206,100,100,250,25,0,2,False,True,1,0.89689589999999,46.197199999999995,43.66199999999999,41.84199999999999,58.835000000000015
413,0,0,206,100,100,250,25,0,2,False,True,2,0.89689589999999,46.197199999999995,43.66199999999999,41.84199999999999,58.835000000000015
414,0,0,207,100,100,250,25,0,2,False,True,1,0.8964685499999899,45.563399999999994,43.66199999999999,41.84199999999999,58.835000000000015
415,0,0,207,100,100,250,25,0,2,False,True,2,0.8964685499999899,45.563399999999994,43.66199999999999,41.84199999999999,58.835000000000015
416,0,0,208,100,100,250,25,0,2,False,True,1,0.8960411999999899,44.92959999999999,43.66199999999999,41.87899999999999,58.798000000000016
417,0,0,208,100,100,250,25,0,2,False,True,2,0.8960411999999899,44.92959999999999,43.66199999999999,41.87899999999999,58.798000000000016
418,0,0,209,100,100,250,25,0,2,False,True,1,0.8956138499999898,44.29579999999999,43.66199999999999,41.91599999999999,58.835000000000015
419,0,0,209,100,100,250,25,0,2,False,True,2,0.8956138499999898,44.29579999999999,43.66199999999999,41.91599999999999,58.835000000000015
420,0,0,210,100,100,250,25,0,2,False,True,1,0.8951864999999898,43.66199999999999,43.66199999999999,41.91599999999999,58.872000000000014
421,0,0,210,100,100,250,25,0,2,False,True,2,0.8951864999999898,43.66199999999999,43.66199999999999,41.91599999999999,58.872000000000014
422,0,0,211,100,100,250,25,0,2,False,True,1,0.8945491499999897,43.66199999999999,44.29579999999999,41.95299999999999,58.90900000000001
423,0,0,211,100,100,250,25,0,2,False,True,2,0.8945491499999897,43.66199999999999,44.29579999999999,41.95299999999999,58.90900000000001
424,0,0,212,100,100,250,25,0,2,False,True,1,0.8941217999999896,43.66199999999999,44.92959999999999,41.95299999999999,58.90900000000001
425,0,0,212,100,100,250,25,0,2,False,True,2,0.8941217999999896,43.66199999999999,44.92959999999999,41.95299999999999,58.90900000000001
426,0,0,213,100,100,250,25,0,2,False,True,1,0.8934444499999896,43.66199999999999,45.563399999999994,41.91599999999999,58.90900000000001
427,0,0,213,100,100,250,25,0,2,False,True,2,0.8934444499999896,43.66199999999999,45.563399999999994,41.91599999999999,58.90900000000001
428,0,0,214,100,100,250,25,0,2,False,True,1,0.8927570999999895,43.66199999999999,46.197199999999995,41.87899999999999,58.90900000000001
429,0,0,214,100,100,250,25,0,2,False,True,2,0.8927570999999895,43.66199999999999,46.197199999999995,41.87899999999999,58.90900000000001
430,0,0,215,100,100,250,25,0,2,False,True,1,0.8923297499999895,43.66199999999999,46.830999999999996,41.84199999999999,58.94600000000001
431,0,0,215,100,100,250,25,0,2,False,True,2,0.8923297499999895,43.66199999999999,46.830999999999996,41.84199999999999,58.94600000000001
432,0,0,216,100,100,250,25,0,2,False,True,1,0.8916423999999894,43.66199999999999,47.4648,41.87899999999999,58.98300000000001
433,0,0,216,100,100,250,25,0,2,False,True,2,0.8916423999999894,43.66199999999999,47.4648,41.87899999999999,58.98300000000001
434,0,0,217,100,100,250,25,0,2,False,True,1,0.8910050499999893,43.66199999999999,48.0986,41.87899999999999,58.98300000000001
435,0,0,217,100,100,250,25,0,2,False,True,2,0.8910050499999893,43.66199999999999,48.0986,41.87899999999999,58.98300000000001
436,0,0,218,100,100,250,25,0,2,False,True,1,0.8905776999999893,43.66199999999999,48.7324,41.87899999999999,58.98300000000001
437,0,0,218,100,100,250,25,0,2,False,True,2,0.8905776999999893,43.66199999999999,48.7324,41.87899999999999,58.98300000000001
438,0,0,219,100,100,250,25,0,2,False,True,1,0.8900403499999892,43.66199999999999,49.3662,41.91599999999999,58.94600000000001
439,0,0,219,100,100,250,25,0,2,False,True,2,0.8900403499999892,43.66199999999999,49.3662,41.91599999999999,58.94600000000001
440,0,0,220,100,100,250,25,0,2,False,True,1,0.8896029999999892,43.66199999999999,50.0,41.87899999999999,58.90900000000001
441,0,0,220,100,100,250,25,0,2,False,True,2,0.8896029999999892,43.66199999999999,50.0,41.87899999999999,58.90900000000001
442,0,0,221,100,100,250,25,0,2,False,True,1,0.8891756499999891,43.66199999999999,50.6338,41.87899999999999,58.94600000000001
443,0,0,221,100,100,250,25,0,2,False,True,2,0.8891756499999891,43.66199999999999,50.6338,41.87899999999999,58.94600000000001
444,0,0,222,100,100,250,25,0,2,False,True,1,0.888748299999989,43.66199999999999,51.2676,41.91599999999999,58.90900000000001
445,0,0,222,100,100,250,25,0,2,False,True,2,0.888748299999989,43.66199999999999,51.2676,41.91599999999999,58.90900000000001
446,0,0,223,100,100,250,25,0,2,False,True,1,0.888320949999989,43.66199999999999,51.9014,41.87899999999999,58.90900000000001
447,0,0,223,100,100,250,25,0,2,False,True,2,0.888320949999989,43.66199999999999,51.9014,41.87899999999999,58.90900000000001
448,0,0,224,100,100,250,25,0,2,False,True,1,0.887893599999989,43.66199999999999,52.5352,41.84199999999999,58.90900000000001
449,0,0,224,100,100,250,25,0,2,False,True,2,0.887893599999989,43.66199999999999,52.5352,41.84199999999999,58.90900000000001
450,0,0,225,100,100,250,25,0,2,False,True,1,0.8874662499999889,43.66199999999999,53.169000000000004,41.80499999999999,58.872000000000014
451,0,0,225,100,100,250,25,0,2,False,True,2,0.8874662499999889,43.66199999999999,53.169000000000004,41.80499999999999,58.872000000000014
452,0,0,226,100,100,250,25,0,2,False,True,1,0.8870388999999889,43.66199999999999,53.802800000000005,41.80499999999999,58.872000000000014
453,0,0,226,100,100,250,25,0,2,False,True,2,0.8870388999999889,43.66199999999999,53.802800000000005,41.80499999999999,58.872000000000014
454,0,0,227,100,100,250,25,0,2,False,True,1,0.8866115499999888,43.66199999999999,54.436600000000006,41.767999999999994,58.835000000000015
455,0,0,227,100,100,250,25,0,2,False,True,2,0.8866115499999888,43.66199999999999,54.436600000000006,41.767999999999994,58.835000000000015
456,0,0,228,100,100,250,25,0,2,False,True,1,0.8861841999999888,43.66199999999999,55.07040000000001,41.80499999999999,58.872000000000014
457,0,0,228,100,100,250,25,0,2,False,True,2,0.8861841999999888,43.66199999999999,55.07040000000001,41.80499999999999,58.872000000000014
458,0,0,229,100,100,250,25,0,2,False,True,1,0.8857568499999887,43.66199999999999,55.70420000000001,41.80499999999999,58.835000000000015
459,0,0,229,100,100,250,25,0,2,False,True,2,0.8857568499999887,43.66199999999999,55.70420000000001,41.80499999999999,58.835000000000015
460,0,0,230,100,100,250,25,0,2,False,True,1,0.8853294999999887,43.66199999999999,56.33800000000001,41.84199999999999,58.798000000000016
461,0,0,230,100,100,250,25,0,2,False,True,2,0.8853294999999887,43.66199999999999,56.33800000000001,41.84199999999999,58.798000000000016
